{
    "platforms": {
        "game_distribution": {
            "gameId": ""
        },
        "telegram": {
            "adsgramBlockId": ""
        },
        "y8": {
            "gameId": "",
            "adsenseId": "",
            "channelId": ""
        },
        "lagged": {
            "devId": "",
            "publisherId": ""
        },
        "msn": {
            "advertisementBackfillId": "",
            "gameId": ""
        },
        "gamepush": {
            "projectId": "22258",
            "publicToken": "B4plspGLPbZxpn21t4LqxOZ1ywxBHaAQ"
        }
    },
    "advertisement": {
        "interstitial": {
            "preloadOnStart": true
        },
        "rewarded": {
            "preloadOnStart": true
        }
    },
    "payments": [
        {
            "id": "test_product",
            "playgama": {
                "amount": 1
            },
            "playdeck": {
                "amount": 1,
                "description": "TEST PRODUCT"
            }
        }
    ]
}
